Name,KHL_Team,Team,Pos,G,A,PPG,SHG,GWG,PPA,SHA,SOG,BLK,HIT,WIN,GA,SV,SO,K_G,K_A,K_PPG,K_SHG,K_GWG,K_PPA,K_SHA,K_SOG,K_BLK,K_HIT,K_WIN,K_GA,K_SV,K_SO,K_TOTAL
Patrice Bergeron,Keuka Lakers,BOS,C,31,25,11,1,5,9,0,203,46,46,0,0,0,0,186,100,22,3,5,18,0,182.70000000000002,46,46,0,0,0,0,608.7
Zach Sanford,Keuka Lakers,STL,LW,16,14,1,0,3,0,0,90,32,109,0,0,0,0,96,56,2,0,3,0,0,81.0,32,109,0,0,0,0,379.0
Max Pacioretty,Keuka Lakers,VEG,LW,32,34,8,0,5,11,0,307,35,90,0,0,0,0,192,136,16,0,5,22,0,276.3,35,90,0,0,0,0,772.3
Johnny Gaudreau,Keuka Lakers,CGY,LW,18,40,6,0,2,12,0,209,11,1,0,0,0,0,108,160,12,0,2,24,0,188.1,11,1,0,0,0,0,506.1
Teuvo Teravainen,Keuka Lakers,CAR,F,15,48,4,1,1,17,3,182,30,18,0,0,0,0,90,192,8,3,1,34,6,163.8,30,18,0,0,0,0,545.8
J.T. Miller,Keuka Lakers,VAN,C,27,45,9,0,3,16,2,165,38,123,0,0,0,0,162,180,18,0,3,32,4,148.5,38,123,0,0,0,0,708.5
Mark Giordano,Keuka Lakers,CGY,D,5,26,2,0,0,9,2,157,148,42,0,0,0,0,30,104,4,0,0,18,4,141.3,148,42,0,0,0,0,491.3
Ryan Graves,Keuka Lakers,COL,D,9,17,0,0,0,0,2,134,150,112,0,0,0,0,54,68,0,0,0,0,4,120.60000000000001,150,112,0,0,0,0,508.6
Adam Fox,Keuka Lakers,NYR,D,8,34,1,0,4,12,0,125,92,35,0,0,0,0,48,136,2,0,4,24,0,112.5,92,35,0,0,0,0,453.5
Oscar Klefbom,Keuka Lakers,EDM,D,5,29,2,0,0,16,0,159,180,45,0,0,0,0,30,116,4,0,0,32,0,143.1,180,45,0,0,0,0,550.1
Nicklas Backstrom,Keuka Lakers,WSH,C,12,42,2,0,0,16,0,132,45,30,0,0,0,0,72,168,4,0,0,32,0,118.8,45,30,0,0,0,0,469.8
Roman Josi,Keuka Lakers,NSH,D,16,49,4,0,1,19,0,260,108,52,0,0,0,0,96,196,8,0,1,38,0,234.0,108,52,0,0,0,0,733.0
Nick Suzuki,Keuka Lakers,MTL,C,13,28,6,0,1,8,0,138,32,64,0,0,0,0,78,112,12,0,1,16,0,124.2,32,64,0,0,0,0,439.2
Bobby Ryan,Keuka Lakers,OTT,LW,5,3,0,0,0,0,0,43,13,41,0,0,0,0,30,12,0,0,0,0,0,38.7,13,41,0,0,0,0,134.7
Brock Boeser,Keuka Lakers,VAN,RW,16,29,5,0,3,9,0,169,14,28,0,0,0,0,96,116,10,0,3,18,0,152.1,14,28,0,0,0,0,437.1
Valeri Nichushkin,Keuka Lakers,COL,RW,13,14,1,1,3,0,0,113,22,84,0,0,0,0,78,56,2,3,3,0,0,101.7,22,84,0,0,0,0,349.7
Alec Martinez,Keuka Lakers,TOT,D,3,13,0,0,0,4,0,75,117,43,0,0,0,0,18,52,0,0,0,8,0,67.5,117,43,0,0,0,0,305.5
Ondrej Palat,Keuka Lakers,TBL,LW,17,24,4,1,2,4,0,128,61,145,0,0,0,0,102,96,8,3,2,8,0,115.2,61,145,0,0,0,0,540.2
Marc-Andre Fleury,Keuka Lakers,VEG,G,0,0,0,0,0,0,0,0,0,0,27,133,1266,5,0,0,0,0,0,0,0,0,0,0,135,-399,759.6,30,525.6
Pavel Francouz,Keuka Lakers,COL,G,0,0,0,0,0,0,0,0,0,0,21,77,919,1,0,0,0,0,0,0,0,0,0,0,105,-231,551.4,6,431.4
Igor Shesterkin,Keuka Lakers,NYR,G,0,0,0,0,0,0,0,0,0,0,10,29,395,0,0,0,0,0,0,0,0,0,0,0,50,-87,237.0,0,200.0
Alexandar Georgiev,Keuka Lakers,NYR,G,0,0,0,0,0,0,0,0,0,0,17,96,967,2,0,0,0,0,0,0,0,0,0,0,85,-288,580.1999999999999,12,389.19999999999993
Ryan Strome,ABOL,NYR,C,18,41,3,0,3,14,1,154,32,45,0,0,0,0,108,164,6,0,3,28,2,138.6,32,45,0,0,0,0,526.6
Tyson Jost,ABOL,COL,C,8,15,1,0,0,4,0,115,18,58,0,0,0,0,48,60,2,0,0,8,0,103.5,18,58,0,0,0,0,297.5
Alex Ovechkin,ABOL,WSH,LW,48,19,13,0,3,5,0,311,30,184,0,0,0,0,288,76,26,0,3,10,0,279.90000000000003,30,184,0,0,0,0,896.9000000000001
Artemi Panarin,ABOL,NYR,LW,32,63,7,0,4,17,0,209,18,25,0,0,0,0,192,252,14,0,4,34,0,188.1,18,25,0,0,0,0,727.1
Bryan Rust,ABOL,PIT,RW,27,29,8,1,4,9,1,151,35,71,0,0,0,0,162,116,16,3,4,18,2,135.9,35,71,0,0,0,0,562.9
Vladislav Namestnikov,ABOL,TOT,C,17,14,2,4,2,2,2,98,47,108,0,0,0,0,102,56,4,12,2,4,4,88.2,47,108,0,0,0,0,427.2
Oliver Ekman-Larsson,ABOL,ARI,D,9,21,2,1,1,5,0,135,65,129,0,0,0,0,54,84,4,3,1,10,0,121.5,65,129,0,0,0,0,471.5
Nate Schmidt,ABOL,VEG,D,7,24,1,0,0,6,0,112,91,25,0,0,0,0,42,96,2,0,0,12,0,100.8,91,25,0,0,0,0,368.8
Duncan Keith,ABOL,CHI,D,3,24,2,0,0,9,0,111,117,26,0,0,0,0,18,96,4,0,0,18,0,99.9,117,26,0,0,0,0,378.9
Joel Edmundson,ABOL,CAR,D,7,13,0,0,0,0,0,97,91,118,0,0,0,0,42,52,0,0,0,0,0,87.3,91,118,0,0,0,0,390.3
Anze Kopitar,ABOL,LAK,C,21,41,7,1,5,14,0,135,56,49,0,0,0,0,126,164,14,3,5,28,0,121.5,56,49,0,0,0,0,566.5
Pavel Buchnevich,ABOL,NYR,LW,16,30,4,0,1,5,0,148,22,80,0,0,0,0,96,120,8,0,1,10,0,133.20000000000002,22,80,0,0,0,0,470.20000000000005
Mark Scheifele,ABOL,WPG,C,29,44,10,0,6,10,0,170,49,34,0,0,0,0,174,176,20,0,6,20,0,153.0,49,34,0,0,0,0,632.0
Morgan Rielly,ABOL,TOR,D,3,24,0,0,2,7,0,123,67,38,0,0,0,0,18,96,0,0,2,14,0,110.7,67,38,0,0,0,0,345.7
Brandon Carlo,ABOL,BOS,D,4,15,0,0,0,0,0,111,76,126,0,0,0,0,24,60,0,0,0,0,0,99.9,76,126,0,0,0,0,385.9
Zach Hyman,ABOL,TOR,C,21,16,3,1,1,3,0,106,23,52,0,0,0,0,126,64,6,3,1,6,0,95.4,23,52,0,0,0,0,376.4
Jonathan Bernier,ABOL,DET,G,0,0,0,0,0,0,0,0,0,0,15,126,1227,1,0,0,0,0,0,0,0,0,0,0,75,-378,736.1999999999999,6,439.19999999999993
Thatcher Demko,ABOL,VAN,G,0,0,0,0,0,0,0,0,0,0,13,78,744,0,0,0,0,0,0,0,0,0,0,0,65,-234,446.4,0,277.4
Linus Ullmark,ABOL,BUF,G,0,0,0,0,0,0,0,0,0,0,17,91,975,1,0,0,0,0,0,0,0,0,0,0,85,-273,585.0,6,403.0
Jaroslav Halak,ABOL,BOS,G,0,0,0,0,0,0,0,0,0,0,18,73,832,3,0,0,0,0,0,0,0,0,0,0,90,-219,499.2,18,388.2
Elias Lindholm,You're Aho,CGY,C,29,25,8,0,7,11,0,169,41,93,0,0,0,0,174,100,16,0,7,22,0,152.1,41,93,0,0,0,0,605.1
Sebastian Aho,You're Aho,CAR,F,38,28,8,4,5,9,1,206,20,55,0,0,0,0,228,112,16,12,5,18,2,185.4,20,55,0,0,0,0,653.4
Kevin Fiala,You're Aho,MIN,LW,23,31,9,0,4,9,0,175,18,25,0,0,0,0,138,124,18,0,4,18,0,157.5,18,25,0,0,0,0,502.5
Patric Hornqvist,You're Aho,PIT,RW,17,15,3,0,2,4,0,168,41,107,0,0,0,0,102,60,6,0,2,8,0,151.20000000000002,41,107,0,0,0,0,477.20000000000005
Tyler Toffoli,You're Aho,TOT,C,24,20,5,0,4,5,0,203,16,48,0,0,0,0,144,80,10,0,4,10,0,182.70000000000002,16,48,0,0,0,0,494.70000000000005
Alex Pietrangelo,You're Aho,STL,D,16,36,6,0,3,16,1,225,89,47,0,0,0,0,96,144,12,0,3,32,2,202.5,89,47,0,0,0,0,627.5
Alexander Edler,You're Aho,VAN,D,5,28,1,0,1,6,0,118,162,108,0,0,0,0,30,112,2,0,1,12,0,106.2,162,108,0,0,0,0,533.2
David Savard,You're Aho,CBJ,D,0,11,0,0,0,2,0,97,163,129,0,0,0,0,0,44,0,0,0,4,0,87.3,163,129,0,0,0,0,427.3
Erik Johnson,You're Aho,COL,D,3,13,0,0,1,0,0,99,115,97,0,0,0,0,18,52,0,0,1,0,0,89.10000000000001,115,97,0,0,0,0,372.1
Jesper Bratt,You're Aho,NJD,W,16,16,1,0,2,5,0,101,22,29,0,0,0,0,96,64,2,0,2,10,0,90.9,22,29,0,0,0,0,315.9
Tyler Ennis,You're Aho,TOT,C,16,21,5,0,1,5,0,159,26,96,0,0,0,0,96,84,10,0,1,10,0,143.1,26,96,0,0,0,0,466.1
Aaron Ekblad,You're Aho,FLA,D,5,36,0,0,1,6,1,147,84,34,0,0,0,0,30,144,0,0,1,12,2,132.3,84,34,0,0,0,0,439.3
John Tavares,You're Aho,TOR,C,26,34,7,0,4,14,0,197,31,32,0,0,0,0,156,136,14,0,4,28,0,177.3,31,32,0,0,0,0,578.3
Tomas Tatar,You're Aho,MTL,C,22,39,8,0,1,6,0,162,24,79,0,0,0,0,132,156,16,0,1,12,0,145.8,24,79,0,0,0,0,565.8
Ben Bishop,You're Aho,DAL,G,0,0,0,0,0,0,0,0,0,0,21,103,1183,2,0,0,0,0,0,0,0,0,0,0,105,-309,709.8,12,517.8
Elvis Merzlikins,You're Aho,CBJ,G,0,0,0,0,0,0,0,0,0,0,13,71,848,5,0,0,0,0,0,0,0,0,0,0,65,-213,508.79999999999995,30,390.79999999999995
Darcy Kuemper,You're Aho,ARI,G,0,0,0,0,0,0,0,0,0,0,16,65,838,2,0,0,0,0,0,0,0,0,0,0,80,-195,502.79999999999995,12,399.79999999999995
Joe Pavelski,MTA Pizza Rats,DAL,C,14,17,6,0,3,5,1,125,52,62,0,0,0,0,84,68,12,0,3,10,2,112.5,52,62,0,0,0,0,405.5
Bo Horvat,MTA Pizza Rats,VAN,C,22,31,12,0,2,4,0,178,66,55,0,0,0,0,132,124,24,0,2,8,0,160.20000000000002,66,55,0,0,0,0,571.2
Rickard Rakell,MTA Pizza Rats,ANA,RW,15,27,3,0,2,6,3,186,29,81,0,0,0,0,90,108,6,0,2,12,6,167.4,29,81,0,0,0,0,501.4
Anthony Mantha,MTA Pizza Rats,DET,RW,16,22,6,0,3,3,0,137,25,49,0,0,0,0,96,88,12,0,3,6,0,123.3,25,49,0,0,0,0,402.3
Travis Konecny,MTA Pizza Rats,PHI,C,24,37,5,0,3,18,0,141,30,63,0,0,0,0,144,148,10,0,3,36,0,126.9,30,63,0,0,0,0,560.9
David Pastrnak,MTA Pizza Rats,BOS,RW,48,47,20,0,10,18,0,279,22,47,0,0,0,0,288,188,40,0,10,36,0,251.1,22,47,0,0,0,0,882.1
Esa Lindell,MTA Pizza Rats,DAL,D,3,20,1,0,2,6,3,98,127,89,0,0,0,0,18,80,2,0,2,12,6,88.2,127,89,0,0,0,0,424.2
Radko Gudas,MTA Pizza Rats,WSH,D,2,13,0,0,1,0,0,90,75,164,0,0,0,0,12,52,0,0,1,0,0,81.0,75,164,0,0,0,0,385.0
Charlie McAvoy,MTA Pizza Rats,BOS,D,5,27,1,0,1,1,1,101,131,131,0,0,0,0,30,108,2,0,1,2,2,90.9,131,131,0,0,0,0,497.9
Colton Parayko,MTA Pizza Rats,STL,D,10,18,3,0,1,2,1,162,106,87,0,0,0,0,60,72,6,0,1,4,2,145.8,106,87,0,0,0,0,483.8
Mika Zibanejad,MTA Pizza Rats,NYR,C,41,34,15,3,6,12,2,208,49,51,0,0,0,0,246,136,30,9,6,24,4,187.20000000000002,49,51,0,0,0,0,742.2
Jamie Benn,MTA Pizza Rats,DAL,LW,19,20,8,0,4,6,0,163,57,167,0,0,0,0,114,80,16,0,4,12,0,146.70000000000002,57,167,0,0,0,0,596.7
Rasmus Ristolainen,MTA Pizza Rats,BUF,D,6,27,2,0,0,7,1,128,82,203,0,0,0,0,36,108,4,0,0,14,2,115.2,82,203,0,0,0,0,564.2
Taylor Hall,MTA Pizza Rats,TOT,LW,16,36,4,0,1,14,0,232,29,47,0,0,0,0,96,144,8,0,1,28,0,208.8,29,47,0,0,0,0,561.8
Clayton Keller,MTA Pizza Rats,ARI,C,17,27,2,0,2,13,0,184,13,20,0,0,0,0,102,108,4,0,2,26,0,165.6,13,20,0,0,0,0,440.6
Connor Hellebuyck,MTA Pizza Rats,WPG,G,0,0,0,0,0,0,0,0,0,0,31,140,1656,6,0,0,0,0,0,0,0,0,0,0,155,-420,993.5999999999999,36,764.5999999999999
Semyon Varlamov,MTA Pizza Rats,NYI,G,0,0,0,0,0,0,0,0,0,0,19,110,1168,2,0,0,0,0,0,0,0,0,0,0,95,-330,700.8,12,477.79999999999995
Pierre-Luc Dubois,Good Canadian Boys,CBJ,LW,18,31,1,0,4,9,0,158,50,85,0,0,0,0,108,124,2,0,4,18,0,142.20000000000002,50,85,0,0,0,0,533.2
Elias Pettersson,Good Canadian Boys,VAN,C,27,39,8,0,5,16,0,162,42,63,0,0,0,0,162,156,16,0,5,32,0,145.8,42,63,0,0,0,0,621.8
Andrei Svechnikov,Good Canadian Boys,CAR,RW,24,37,6,0,5,14,0,183,27,116,0,0,0,0,144,148,12,0,5,28,0,164.70000000000002,27,116,0,0,0,0,644.7
Tanner Pearson,Good Canadian Boys,VAN,LW,21,24,3,2,3,7,1,164,40,96,0,0,0,0,126,96,6,6,3,14,2,147.6,40,96,0,0,0,0,536.6
Blake Coleman,Good Canadian Boys,TOT,C,21,11,1,3,2,2,1,200,46,191,0,0,0,0,126,44,2,9,2,4,2,180.0,46,191,0,0,0,0,606.0
Mikael Backlund,Good Canadian Boys,CGY,C,16,29,3,3,3,7,0,157,11,44,0,0,0,0,96,116,6,9,3,14,0,141.3,11,44,0,0,0,0,440.3
Keith Yandle,Good Canadian Boys,FLA,D,5,40,2,0,0,19,0,129,51,18,0,0,0,0,30,160,4,0,0,38,0,116.10000000000001,51,18,0,0,0,0,417.1
Zach Werenski,Good Canadian Boys,CBJ,D,20,21,5,1,4,8,0,187,58,36,0,0,0,0,120,84,10,3,4,16,0,168.3,58,36,0,0,0,0,499.3
Damon Severson,Good Canadian Boys,NJD,D,8,23,3,0,2,7,0,114,97,81,0,0,0,0,48,92,6,0,2,14,0,102.60000000000001,97,81,0,0,0,0,442.6
Mike Reilly,Good Canadian Boys,TOT,D,1,15,1,0,1,8,1,85,46,39,0,0,0,0,6,60,2,0,1,16,2,76.5,46,39,0,0,0,0,248.5
Tom Wilson,Good Canadian Boys,WSH,RW,21,23,5,1,5,2,1,154,58,253,0,0,0,0,126,92,10,3,5,4,2,138.6,58,253,0,0,0,0,691.6
Leon Draisaitl,Good Canadian Boys,EDM,C,43,67,16,0,10,28,0,218,19,27,0,0,0,0,258,268,32,0,10,56,0,196.20000000000002,19,27,0,0,0,0,866.2
Aleksander Barkov,Good Canadian Boys,FLA,C,20,42,7,0,2,13,1,172,35,21,0,0,0,0,120,168,14,0,2,26,2,154.8,35,21,0,0,0,0,542.8
Kailer Yamamoto,Good Canadian Boys,EDM,RW,11,15,2,0,0,0,0,44,13,45,0,0,0,0,66,60,4,0,0,0,0,39.6,13,45,0,0,0,0,227.6
Nikita Gusev,Good Canadian Boys,NJD,LW,13,31,5,0,2,10,0,158,7,12,0,0,0,0,78,124,10,0,2,20,0,142.20000000000002,7,12,0,0,0,0,395.20000000000005
Cale Makar,Good Canadian Boys,COL,D,12,38,4,0,4,15,0,121,47,45,0,0,0,0,72,152,8,0,4,30,0,108.9,47,45,0,0,0,0,466.9
Andreas Athanasiou,Good Canadian Boys,TOT,C,11,15,3,0,2,4,0,129,24,36,0,0,0,0,66,60,6,0,2,8,0,116.10000000000001,24,36,0,0,0,0,318.1
Carey Price,Good Canadian Boys,MTL,G,0,0,0,0,0,0,0,0,0,0,27,160,1595,4,0,0,0,0,0,0,0,0,0,0,135,-480,957.0,24,636.0
MacKenzie Blackwood,Good Canadian Boys,NJD,G,0,0,0,0,0,0,0,0,0,0,22,124,1328,3,0,0,0,0,0,0,0,0,0,0,110,-372,796.8,18,552.8
Brayden Point,Oakland Eh's,TBL,C,25,39,8,0,4,5,0,141,30,24,0,0,0,0,150,156,16,0,4,10,0,126.9,30,24,0,0,0,0,516.9
Ryan O'Reilly,Oakland Eh's,STL,C,12,49,2,1,3,16,0,118,42,16,0,0,0,0,72,196,4,3,3,32,0,106.2,42,16,0,0,0,0,474.2
Gabriel Landeskog,Oakland Eh's,COL,LW,21,23,6,0,4,9,0,145,35,86,0,0,0,0,126,92,12,0,4,18,0,130.5,35,86,0,0,0,0,503.5
Andre Burakovsky,Oakland Eh's,COL,LW,20,25,2,0,6,9,0,103,34,26,0,0,0,0,120,100,4,0,6,18,0,92.7,34,26,0,0,0,0,400.7
Andrew Mangiapane,Oakland Eh's,CGY,LW,17,15,0,0,2,1,0,109,25,73,0,0,0,0,102,60,0,0,2,2,0,98.10000000000001,25,73,0,0,0,0,362.1
Jason Zucker,Oakland Eh's,TOT,LW,20,21,7,0,4,5,0,111,23,53,0,0,0,0,120,84,14,0,4,10,0,99.9,23,53,0,0,0,0,407.9
Darnell Nurse,Oakland Eh's,EDM,D,5,28,0,0,1,5,0,170,141,172,0,0,0,0,30,112,0,0,1,10,0,153.0,141,172,0,0,0,0,619.0
Jeff Petry,Oakland Eh's,MTL,D,11,29,3,1,3,9,0,158,79,177,0,0,0,0,66,116,6,3,3,18,0,142.20000000000002,79,177,0,0,0,0,610.2
Alex Goligoski,Oakland Eh's,ARI,D,4,28,2,0,0,9,0,101,134,91,0,0,0,0,24,112,4,0,0,18,0,90.9,134,91,0,0,0,0,473.9
Brent Burns,Oakland Eh's,SJS,D,12,33,5,0,1,12,1,225,115,72,0,0,0,0,72,132,10,0,1,24,2,202.5,115,72,0,0,0,0,630.5
Sean Couturier,Oakland Eh's,PHI,C,22,37,4,0,4,9,0,185,26,60,0,0,0,0,132,148,8,0,4,18,0,166.5,26,60,0,0,0,0,562.5
Brady Tkachuk,Oakland Eh's,OTT,LW,21,23,2,0,3,6,0,259,43,303,0,0,0,0,126,92,4,0,3,12,0,233.1,43,303,0,0,0,0,816.1
Blake Wheeler,Oakland Eh's,WPG,RW,22,43,4,1,2,18,1,180,51,102,0,0,0,0,132,172,8,3,2,36,2,162.0,51,102,0,0,0,0,670.0
Tyson Barrie,Oakland Eh's,TOR,D,5,34,1,0,0,11,0,169,76,47,0,0,0,0,30,136,2,0,0,22,0,152.1,76,47,0,0,0,0,465.1
Vladimir Tarasenko,Oakland Eh's,STL,RW,3,7,1,0,0,2,0,26,7,17,0,0,0,0,18,28,2,0,0,4,0,23.400000000000002,7,17,0,0,0,0,99.4
Victor Olofsson,Oakland Eh's,BUF,RW,20,22,11,0,4,6,0,127,16,10,0,0,0,0,120,88,22,0,4,12,0,114.3,16,10,0,0,0,0,386.3
Tristan Jarry,Oakland Eh's,PIT,G,0,0,0,0,0,0,0,0,0,0,20,78,907,3,0,0,0,0,0,0,0,0,0,0,100,-234,544.1999999999999,18,428.19999999999993
Jordan Binnington,Oakland Eh's,STL,G,0,0,0,0,0,0,0,0,0,0,30,126,1304,3,0,0,0,0,0,0,0,0,0,0,150,-378,782.4,18,572.4
Juuse Saros,Oakland Eh's,NSH,G,0,0,0,0,0,0,0,0,0,0,17,98,1044,4,0,0,0,0,0,0,0,0,0,0,85,-294,626.4,24,441.4
William Karlsson,Jersey City Wok,VEG,C,15,31,2,2,1,6,3,138,38,40,0,0,0,0,90,124,4,6,1,12,6,124.2,38,40,0,0,0,0,445.2
Tyler Johnson,Jersey City Wok,TBL,C,14,17,1,0,2,6,0,113,22,62,0,0,0,0,84,68,2,0,2,12,0,101.7,22,62,0,0,0,0,353.7
Alex Killorn,Jersey City Wok,TBL,C,26,23,8,0,7,5,0,130,15,59,0,0,0,0,156,92,16,0,7,10,0,117.0,15,59,0,0,0,0,472.0
Brayden Schenn,Jersey City Wok,STL,C,25,33,10,0,4,11,0,138,21,119,0,0,0,0,150,132,20,0,4,22,0,124.2,21,119,0,0,0,0,592.2
Kevin Labanc,Jersey City Wok,SJS,RW,14,19,3,0,3,6,0,176,24,46,0,0,0,0,84,76,6,0,3,12,0,158.4,24,46,0,0,0,0,409.4
Gustav Nyquist,Jersey City Wok,CBJ,RW,15,27,3,1,3,6,0,151,26,37,0,0,0,0,90,108,6,3,3,12,0,135.9,26,37,0,0,0,0,420.9
Dmitry Orlov,Jersey City Wok,WSH,D,4,23,1,0,2,4,1,105,82,106,0,0,0,0,24,92,2,0,2,8,2,94.5,82,106,0,0,0,0,412.5
John Carlson,Jersey City Wok,WSH,D,15,60,2,0,6,24,0,189,108,55,0,0,0,0,90,240,4,0,6,48,0,170.1,108,55,0,0,0,0,721.1
Samuel Girard,Jersey City Wok,COL,D,4,30,1,0,1,12,0,96,92,46,0,0,0,0,24,120,2,0,1,24,0,86.4,92,46,0,0,0,0,395.4
Jonathan Huberdeau,Jersey City Wok,FLA,LW,23,55,5,0,3,24,0,152,26,51,0,0,0,0,138,220,10,0,3,48,0,136.8,26,51,0,0,0,0,632.8
Dustin Brown,Jersey City Wok,LAK,RW,17,18,1,0,1,4,0,169,15,143,0,0,0,0,102,72,2,0,1,8,0,152.1,15,143,0,0,0,0,495.1
Rasmus Dahlin,Jersey City Wok,BUF,D,4,36,2,0,1,17,0,90,51,72,0,0,0,0,24,144,4,0,1,34,0,81.0,51,72,0,0,0,0,411.0
Auston Matthews,Jersey City Wok,TOR,C,47,33,12,0,5,13,0,290,60,40,0,0,0,0,282,132,24,0,5,26,0,261.0,60,40,0,0,0,0,830.0
Cam Atkinson,Jersey City Wok,CBJ,RW,12,14,3,0,2,5,0,148,21,18,0,0,0,0,72,56,6,0,2,10,0,133.20000000000002,21,18,0,0,0,0,318.20000000000005
Mikko Rantanen,Jersey City Wok,COL,RW,19,22,8,0,5,6,0,107,23,28,0,0,0,0,114,88,16,0,5,12,0,96.3,23,28,0,0,0,0,382.3
Andrei Vasilevskiy,Jersey City Wok,TBL,G,0,0,0,0,0,0,0,0,0,0,35,133,1472,3,0,0,0,0,0,0,0,0,0,0,175,-399,883.1999999999999,18,677.1999999999999
Martin Jones,Jersey City Wok,SJS,G,0,0,0,0,0,0,0,0,0,0,17,118,1021,2,0,0,0,0,0,0,0,0,0,0,85,-354,612.6,12,355.6
Henrik Lundqvist,Jersey City Wok,NYR,G,0,0,0,0,0,0,0,0,0,0,10,84,799,1,0,0,0,0,0,0,0,0,0,0,50,-252,479.4,6,283.4
Jack Eichel,Tkachuk E. Cheese's,BUF,C,36,42,11,1,9,16,0,227,42,40,0,0,0,0,216,168,22,3,9,32,0,204.3,42,40,0,0,0,0,736.3
Dylan Larkin,Tkachuk E. Cheese's,DET,C,19,34,5,0,0,9,0,223,45,52,0,0,0,0,114,136,10,0,0,18,0,200.70000000000002,45,52,0,0,0,0,575.7
David Perron,Tkachuk E. Cheese's,STL,LW,25,35,9,0,9,18,0,166,19,67,0,0,0,0,150,140,18,0,9,36,0,149.4,19,67,0,0,0,0,588.4
Matthew Tkachuk,Tkachuk E. Cheese's,CGY,LW,23,38,5,0,4,14,0,188,22,122,0,0,0,0,138,152,10,0,4,28,0,169.20000000000002,22,122,0,0,0,0,645.2
Tyler Bertuzzi,Tkachuk E. Cheese's,DET,LW,21,27,3,0,1,11,0,129,30,71,0,0,0,0,126,108,6,0,1,22,0,116.10000000000001,30,71,0,0,0,0,480.1
Patrick Kane,Tkachuk E. Cheese's,CHI,RW,33,51,8,0,2,15,0,275,19,24,0,0,0,0,198,204,16,0,2,30,0,247.5,19,24,0,0,0,0,740.5
John Marino,Tkachuk E. Cheese's,PIT,D,6,20,1,0,0,3,0,61,77,72,0,0,0,0,36,80,2,0,0,6,0,54.9,77,72,0,0,0,0,327.9
Brian Dumoulin,Tkachuk E. Cheese's,PIT,D,1,7,0,1,0,1,0,35,35,44,0,0,0,0,6,28,0,3,0,2,0,31.5,35,44,0,0,0,0,149.5
Brady Skjei,Tkachuk E. Cheese's,TOT,D,8,16,0,0,1,0,2,139,96,103,0,0,0,0,48,64,0,0,1,0,4,125.10000000000001,96,103,0,0,0,0,441.1
Jaccob Slavin,Tkachuk E. Cheese's,CAR,D,6,30,0,0,3,3,1,145,107,43,0,0,0,0,36,120,0,0,3,6,2,130.5,107,43,0,0,0,0,447.5
Ryan Nugent-Hopkins,Tkachuk E. Cheese's,EDM,C,22,39,7,0,4,17,0,172,44,33,0,0,0,0,132,156,14,0,4,34,0,154.8,44,33,0,0,0,0,571.8
Mike Hoffman,Tkachuk E. Cheese's,FLA,C,29,30,11,0,3,10,0,214,22,33,0,0,0,0,174,120,22,0,3,20,0,192.6,22,33,0,0,0,0,586.6
Frank Vatrano,Tkachuk E. Cheese's,FLA,LW,16,18,2,2,4,0,0,162,43,102,0,0,0,0,96,72,4,6,4,0,0,145.8,43,102,0,0,0,0,472.8
Jordan Eberle,Tkachuk E. Cheese's,NYI,RW,16,24,4,0,1,7,0,136,39,37,0,0,0,0,96,96,8,0,1,14,0,122.4,39,37,0,0,0,0,413.4
Ben Chiarot,Tkachuk E. Cheese's,MTL,D,9,12,0,0,3,0,0,130,128,152,0,0,0,0,54,48,0,0,3,0,0,117.0,128,152,0,0,0,0,502.0
Tuukka Rask,Tkachuk E. Cheese's,BOS,G,0,0,0,0,0,0,0,0,0,0,26,85,1104,5,0,0,0,0,0,0,0,0,0,0,130,-255,662.4,30,567.4
Joonas Korpisalo,Tkachuk E. Cheese's,CBJ,G,0,0,0,0,0,0,0,0,0,0,19,92,938,2,0,0,0,0,0,0,0,0,0,0,95,-276,562.8,12,393.79999999999995
Adam Henrique,Mad World Partners,ANA,C,26,17,5,0,1,4,0,169,32,75,0,0,0,0,156,68,10,0,1,8,0,152.1,32,75,0,0,0,0,502.1
Emil Bemstrom,Mad World Partners,CBJ,C,10,10,5,0,4,3,0,97,17,52,0,0,0,0,60,40,10,0,4,6,0,87.3,17,52,0,0,0,0,276.3
Filip Forsberg,Mad World Partners,NSH,C,21,27,7,0,2,7,0,198,27,82,0,0,0,0,126,108,14,0,2,14,0,178.20000000000002,27,82,0,0,0,0,551.2
Mikael Granlund,Mad World Partners,NSH,C,17,13,4,1,4,2,0,130,55,42,0,0,0,0,102,52,8,3,4,4,0,117.0,55,42,0,0,0,0,387.0
T.J. Oshie,Mad World Partners,WSH,C,26,23,10,0,4,2,0,133,58,90,0,0,0,0,156,92,20,0,4,4,0,119.7,58,90,0,0,0,0,543.7
Justin Williams,Mad World Partners,CAR,RW,8,3,2,0,2,1,0,60,7,20,0,0,0,0,48,12,4,0,2,2,0,54.0,7,20,0,0,0,0,149.0
Jared Spurgeon,Mad World Partners,MIN,D,12,20,3,0,2,10,0,112,102,61,0,0,0,0,72,80,6,0,2,20,0,100.8,102,61,0,0,0,0,443.8
Connor Murphy,Mad World Partners,CHI,D,5,14,0,0,0,0,1,117,138,128,0,0,0,0,30,56,0,0,0,0,2,105.3,138,128,0,0,0,0,459.3
Markus Nutivaara,Mad World Partners,CBJ,D,3,6,0,0,0,1,0,47,33,35,0,0,0,0,18,24,0,0,0,2,0,42.300000000000004,33,35,0,0,0,0,154.3
Jonas Brodin,Mad World Partners,MIN,D,2,26,0,0,0,1,2,103,112,41,0,0,0,0,12,104,0,0,0,2,4,92.7,112,41,0,0,0,0,367.7
Connor McDavid,Mad World Partners,EDM,C,34,63,11,0,6,32,0,212,18,37,0,0,0,0,204,252,22,0,6,64,0,190.8,18,37,0,0,0,0,793.8
Nikolaj Ehlers,Mad World Partners,WPG,LW,25,33,3,1,5,2,0,203,28,36,0,0,0,0,150,132,6,3,5,4,0,182.70000000000002,28,36,0,0,0,0,546.7
Patrik Laine,Mad World Partners,WPG,RW,28,35,8,0,1,8,0,226,35,97,0,0,0,0,168,140,16,0,1,16,0,203.4,35,97,0,0,0,0,676.4
Martin Kaut,Mad World Partners,COL,RW,2,1,1,0,0,0,0,13,0,9,0,0,0,0,12,4,2,0,0,0,0,11.700000000000001,0,9,0,0,0,0,38.7
Scott Laughton,Mad World Partners,PHI,C,13,14,0,0,2,0,0,74,26,109,0,0,0,0,78,56,0,0,2,0,0,66.60000000000001,26,109,0,0,0,0,337.6
Alex Stalock,Mad World Partners,MIN,G,0,0,0,0,0,0,0,0,0,0,20,97,985,4,0,0,0,0,0,0,0,0,0,0,100,-291,591.0,24,424.0
Anton Khudobin,Mad World Partners,DAL,G,0,0,0,0,0,0,0,0,0,0,16,62,820,0,0,0,0,0,0,0,0,0,0,0,80,-186,492.0,0,386.0
Mike Smith,Mad World Partners,EDM,G,0,0,0,0,0,0,0,0,0,0,19,106,981,1,0,0,0,0,0,0,0,0,0,0,95,-318,588.6,6,371.6
Frederik Andersen,Mad World Partners,TOR,G,0,0,0,0,0,0,0,0,0,0,29,143,1434,3,0,0,0,0,0,0,0,0,0,0,145,-429,860.4,18,594.4
Sidney Crosby,Hurtzville Hosers,PIT,C,16,31,4,0,4,13,0,109,17,28,0,0,0,0,96,124,8,0,4,26,0,98.10000000000001,17,28,0,0,0,0,401.1
Jonathan Toews,Hurtzville Hosers,CHI,C,18,42,1,1,3,7,0,172,35,56,0,0,0,0,108,168,2,3,3,14,0,154.8,35,56,0,0,0,0,543.8
Artturi Lehkonen,Hurtzville Hosers,MTL,LW,13,14,0,1,1,0,0,140,38,120,0,0,0,0,78,56,0,3,1,0,0,126.0,38,120,0,0,0,0,422.0
Alex DeBrincat,Hurtzville Hosers,CHI,RW,18,27,10,0,4,6,0,207,19,58,0,0,0,0,108,108,20,0,4,12,0,186.3,19,58,0,0,0,0,515.3
Claude Giroux,Hurtzville Hosers,PHI,C,21,32,7,1,6,13,1,197,16,45,0,0,0,0,126,128,14,3,6,26,2,177.3,16,45,0,0,0,0,543.3
Sam Reinhart,Hurtzville Hosers,BUF,C,22,28,5,0,2,7,0,144,27,36,0,0,0,0,132,112,10,0,2,14,0,129.6,27,36,0,0,0,0,462.6
Ryan Pulock,Hurtzville Hosers,NYI,D,10,25,3,0,3,5,0,163,139,110,0,0,0,0,60,100,6,0,3,10,0,146.70000000000002,139,110,0,0,0,0,574.7
Mikhail Sergachev,Hurtzville Hosers,TBL,D,10,24,5,1,0,8,0,118,99,106,0,0,0,0,60,96,10,3,0,16,0,106.2,99,106,0,0,0,0,496.2
Matt Niskanen,Hurtzville Hosers,PHI,D,8,25,4,1,0,9,0,126,84,124,0,0,0,0,48,100,8,3,0,18,0,113.4,84,124,0,0,0,0,498.4
Mathew Barzal,Hurtzville Hosers,NYI,C,19,41,4,0,2,8,0,171,43,22,0,0,0,0,114,164,8,0,2,16,0,153.9,43,22,0,0,0,0,522.9
Alexander Radulov,Hurtzville Hosers,DAL,RW,15,19,7,0,3,3,0,132,42,48,0,0,0,0,90,76,14,0,3,6,0,118.8,42,48,0,0,0,0,397.8
Kyle Palmieri,Hurtzville Hosers,NJD,RW,25,20,11,0,3,7,0,155,36,74,0,0,0,0,150,80,22,0,3,14,0,139.5,36,74,0,0,0,0,518.5
Miro Heiskanen,Hurtzville Hosers,DAL,D,8,27,0,0,0,7,0,163,84,40,0,0,0,0,48,108,0,0,0,14,0,146.70000000000002,84,40,0,0,0,0,440.70000000000005
James van Riemsdyk,Hurtzville Hosers,PHI,LW,19,21,4,0,2,5,0,151,18,25,0,0,0,0,114,84,8,0,2,10,0,135.9,18,25,0,0,0,0,396.9
Phil Kessel,Hurtzville Hosers,ARI,RW,14,24,9,0,2,8,0,153,20,11,0,0,0,0,84,96,18,0,2,16,0,137.70000000000002,20,11,0,0,0,0,384.70000000000005
Braden Holtby,Hurtzville Hosers,WSH,G,0,0,0,0,0,0,0,0,0,0,25,142,1243,0,0,0,0,0,0,0,0,0,0,0,125,-426,745.8,0,444.79999999999995
Robin Lehner,Hurtzville Hosers,TOT,G,0,0,0,0,0,0,0,0,0,0,19,99,1136,1,0,0,0,0,0,0,0,0,0,0,95,-297,681.6,6,485.6
Sergei Bobrovsky,Hurtzville Hosers,FLA,G,0,0,0,0,0,0,0,0,0,0,23,151,1354,1,0,0,0,0,0,0,0,0,0,0,115,-453,812.4,6,480.4
Logan Couture,Phil Kessel's Sister,SJS,C,16,23,0,0,3,9,2,126,45,54,0,0,0,0,96,92,0,0,3,18,4,113.4,45,54,0,0,0,0,425.4
Nathan MacKinnon,Phil Kessel's Sister,COL,C,35,58,12,0,4,19,0,318,31,51,0,0,0,0,210,232,24,0,4,38,0,286.2,31,51,0,0,0,0,876.2
Conor Sheary,Phil Kessel's Sister,TOT,LW,10,13,1,0,1,2,0,102,26,28,0,0,0,0,60,52,2,0,1,4,0,91.8,26,28,0,0,0,0,264.8
Jaden Schwartz,Phil Kessel's Sister,STL,C,22,35,9,0,4,11,0,162,28,60,0,0,0,0,132,140,18,0,4,22,0,145.8,28,60,0,0,0,0,549.8
Nick Foligno,Phil Kessel's Sister,CBJ,LW,10,21,2,0,1,2,1,131,50,212,0,0,0,0,60,84,4,0,1,4,2,117.9,50,212,0,0,0,0,534.9
J.T. Compher,Phil Kessel's Sister,COL,LW,11,20,1,0,3,4,3,106,60,36,0,0,0,0,66,80,2,0,3,8,6,95.4,60,36,0,0,0,0,356.4
Ian Cole,Phil Kessel's Sister,COL,D,4,22,0,0,1,0,0,92,122,83,0,0,0,0,24,88,0,0,1,0,0,82.8,122,83,0,0,0,0,400.8
John Klingberg,Phil Kessel's Sister,DAL,D,6,26,2,0,0,15,0,120,72,29,0,0,0,0,36,104,4,0,0,30,0,108.0,72,29,0,0,0,0,383.0
Kris Letang,Phil Kessel's Sister,PIT,D,15,29,6,0,2,9,0,177,91,101,0,0,0,0,90,116,12,0,2,18,0,159.3,91,101,0,0,0,0,589.3
Shea Theodore,Phil Kessel's Sister,VEG,D,13,33,1,1,4,15,0,219,69,20,0,0,0,0,78,132,2,3,4,30,0,197.1,69,20,0,0,0,0,535.1
Evgenii Dadonov,Phil Kessel's Sister,FLA,RW,25,22,11,0,2,6,0,167,24,29,0,0,0,0,150,88,22,0,2,12,0,150.3,24,29,0,0,0,0,477.3
Joel Armia,Phil Kessel's Sister,MTL,RW,16,14,3,3,2,1,1,155,25,146,0,0,0,0,96,56,6,9,2,2,2,139.5,25,146,0,0,0,0,483.5
Matt Duchene,Phil Kessel's Sister,NSH,C,13,29,5,0,1,6,0,136,22,40,0,0,0,0,78,116,10,0,1,12,0,122.4,22,40,0,0,0,0,401.4
Shea Weber,Phil Kessel's Sister,MTL,D,15,21,3,0,2,5,0,185,114,112,0,0,0,0,90,84,6,0,2,10,0,166.5,114,112,0,0,0,0,584.5
Neal Pionk,Phil Kessel's Sister,WPG,D,6,39,3,0,1,22,0,177,78,165,0,0,0,0,36,156,6,0,1,44,0,159.3,78,165,0,0,0,0,645.3
Mark Stone,Phil Kessel's Sister,VEG,RW,21,42,6,0,3,11,1,168,51,56,0,0,0,0,126,168,12,0,3,22,2,151.20000000000002,51,56,0,0,0,0,591.2
David Rittich,Phil Kessel's Sister,CGY,G,0,0,0,0,0,0,0,0,0,0,24,138,1340,2,0,0,0,0,0,0,0,0,0,0,120,-414,804.0,12,522.0
Pekka Rinne,Phil Kessel's Sister,NSH,G,0,0,0,0,0,0,0,0,0,0,18,105,899,3,0,0,0,0,0,0,0,0,0,0,90,-315,539.4,18,332.4
Philipp Grubauer,Phil Kessel's Sister,COL,G,0,0,0,0,0,0,0,0,0,0,18,90,977,2,0,0,0,0,0,0,0,0,0,0,90,-270,586.1999999999999,12,418.19999999999993
Evgeny Kuznetsov,Hot Hockey Hair,WSH,C,19,33,6,0,0,6,0,129,16,35,0,0,0,0,114,132,12,0,0,12,0,116.10000000000001,16,35,0,0,0,0,437.1
Sean Monahan,Hot Hockey Hair,CGY,C,22,26,8,0,5,8,0,166,22,65,0,0,0,0,132,104,16,0,5,16,0,149.4,22,65,0,0,0,0,509.4
Jeff Skinner,Hot Hockey Hair,BUF,LW,14,9,0,0,1,3,0,183,11,29,0,0,0,0,84,36,0,0,1,6,0,164.70000000000002,11,29,0,0,0,0,331.70000000000005
Evander Kane,Hot Hockey Hair,SJS,LW,26,21,14,2,6,4,0,216,25,135,0,0,0,0,156,84,28,6,6,8,0,194.4,25,135,0,0,0,0,642.4
Nikita Kucherov,Hot Hockey Hair,TBL,RW,33,52,4,0,6,21,0,210,19,37,0,0,0,0,198,208,8,0,6,42,0,189.0,19,37,0,0,0,0,707.0
Reilly Smith,Hot Hockey Hair,VEG,RW,27,27,3,2,6,2,2,169,30,55,0,0,0,0,162,108,6,6,6,4,4,152.1,30,55,0,0,0,0,533.1
Victor Hedman,Hot Hockey Hair,TBL,D,11,44,4,0,3,18,0,155,98,73,0,0,0,0,66,176,8,0,3,36,0,139.5,98,73,0,0,0,0,599.5
Jake Gardiner,Hot Hockey Hair,CAR,D,4,20,1,0,2,10,0,87,42,43,0,0,0,0,24,80,2,0,2,20,0,78.3,42,43,0,0,0,0,291.3
Brayden McNabb,Hot Hockey Hair,VEG,D,2,7,0,1,0,0,0,73,133,201,0,0,0,0,12,28,0,3,0,0,0,65.7,133,201,0,0,0,0,442.7
Tyler Myers,Hot Hockey Hair,VAN,D,6,15,1,1,1,6,0,134,108,99,0,0,0,0,36,60,2,3,1,12,0,120.60000000000001,108,99,0,0,0,0,441.6
Mattias Ekholm,Hot Hockey Hair,NSH,D,8,25,0,1,2,5,1,154,100,49,0,0,0,0,48,100,0,3,2,10,2,138.6,100,49,0,0,0,0,452.6
Brendan Gallagher,Hot Hockey Hair,MTL,RW,22,21,1,0,1,4,0,226,29,53,0,0,0,0,132,84,2,0,1,8,0,203.4,29,53,0,0,0,0,512.4
Ryan Johansen,Hot Hockey Hair,NSH,C,14,22,3,1,2,6,0,101,34,39,0,0,0,0,84,88,6,3,2,12,0,90.9,34,39,0,0,0,0,358.9
Chris Kreider,Hot Hockey Hair,NYR,LW,24,21,9,0,5,4,0,156,42,116,0,0,0,0,144,84,18,0,5,8,0,140.4,42,116,0,0,0,0,557.4
Hampus Lindholm,Hot Hockey Hair,ANA,D,2,20,1,0,1,7,2,109,71,34,0,0,0,0,12,80,2,0,1,14,4,98.10000000000001,71,34,0,0,0,0,316.1
Brent Seabrook,Hot Hockey Hair,CHI,D,3,1,1,0,1,0,0,40,61,52,0,0,0,0,18,4,2,0,1,0,0,36.0,61,52,0,0,0,0,174.0
Corey Crawford,Hot Hockey Hair,CHI,G,0,0,0,0,0,0,0,0,0,0,16,108,1186,1,0,0,0,0,0,0,0,0,0,0,80,-324,711.6,6,473.6
Jacob Markstrom,Hot Hockey Hair,VAN,G,0,0,0,0,0,0,0,0,0,0,23,117,1303,2,0,0,0,0,0,0,0,0,0,0,115,-351,781.8,12,557.8
Evgeni Malkin,Got Malk?,PIT,C,25,49,7,0,5,17,0,171,22,38,0,0,0,0,150,196,14,0,5,34,0,153.9,22,38,0,0,0,0,612.9
Ryan Getzlaf,Got Malk?,ANA,C,13,29,3,0,5,6,0,143,69,125,0,0,0,0,78,116,6,0,5,12,0,128.70000000000002,69,125,0,0,0,0,539.7
Jonathan Marchessault,Got Malk?,VEG,C,22,25,6,0,3,6,0,235,12,99,0,0,0,0,132,100,12,0,3,12,0,211.5,12,99,0,0,0,0,581.5
Boone Jenner,Got Malk?,CBJ,C,11,13,2,0,1,2,1,179,80,109,0,0,0,0,66,52,4,0,1,4,2,161.1,80,109,0,0,0,0,479.1
Ryan Reaves,Got Malk?,VEG,RW,8,7,0,0,1,0,0,61,24,316,0,0,0,0,48,28,0,0,1,0,0,54.9,24,316,0,0,0,0,471.9
Steven Stamkos,Got Malk?,TBL,C,29,37,10,0,6,9,0,176,38,69,0,0,0,0,174,148,20,0,6,18,0,158.4,38,69,0,0,0,0,631.4
P.K. Subban,Got Malk?,NJD,D,7,11,2,0,3,4,0,151,90,88,0,0,0,0,42,44,4,0,3,8,0,135.9,90,88,0,0,0,0,414.9
Cam Fowler,Got Malk?,ANA,D,9,20,2,0,2,6,0,117,58,25,0,0,0,0,54,80,4,0,2,12,0,105.3,58,25,0,0,0,0,340.3
Quinn Hughes,Got Malk?,VAN,D,8,45,3,0,2,22,0,126,46,7,0,0,0,0,48,180,6,0,2,44,0,113.4,46,7,0,0,0,0,446.4
Erik Gustafsson,Got Malk?,TOT,D,6,23,2,0,0,7,0,103,58,86,0,0,0,0,36,92,4,0,0,14,0,92.7,58,86,0,0,0,0,382.7
Jakub Voracek,Got Malk?,PHI,RW,12,44,4,0,3,13,0,132,21,17,0,0,0,0,72,176,8,0,3,26,0,118.8,21,17,0,0,0,0,441.8
Brad Marchand,Got Malk?,BOS,LW,28,59,5,1,5,23,2,185,19,55,0,0,0,0,168,236,10,3,5,46,4,166.5,19,55,0,0,0,0,712.5
William Nylander,Got Malk?,TOR,C,31,28,9,0,7,8,0,197,14,9,0,0,0,0,186,112,18,0,7,16,0,177.3,14,9,0,0,0,0,539.3
Torey Krug,Got Malk?,BOS,D,9,40,2,0,4,26,0,144,48,36,0,0,0,0,54,160,4,0,4,52,0,129.6,48,36,0,0,0,0,487.6
Ryan Ellis,Got Malk?,NSH,D,8,30,2,0,3,7,0,114,96,48,0,0,0,0,48,120,4,0,3,14,0,102.60000000000001,96,48,0,0,0,0,435.6
Jonathan Quick,Got Malk?,LAK,G,0,0,0,0,0,0,0,0,0,0,16,117,1107,1,0,0,0,0,0,0,0,0,0,0,80,-351,664.1999999999999,6,399.19999999999993
John Gibson,Got Malk?,ANA,G,0,0,0,0,0,0,0,0,0,0,20,149,1403,1,0,0,0,0,0,0,0,0,0,0,100,-447,841.8,6,500.79999999999995
Carter Hart,Got Malk?,PHI,G,0,0,0,0,0,0,0,0,0,0,24,95,1005,1,0,0,0,0,0,0,0,0,0,0,120,-285,603.0,6,444.0
Tyler Seguin,Shushu Kitty Litter,DAL,C,17,33,3,0,6,12,0,245,31,90,0,0,0,0,102,132,6,0,6,24,0,220.5,31,90,0,0,0,0,611.5
Jean-Gabriel Pageau,Shushu Kitty Litter,TOT,C,26,16,5,3,5,5,3,151,53,128,0,0,0,0,156,64,10,9,5,10,6,135.9,53,128,0,0,0,0,576.9
Jakub Vrana,Shushu Kitty Litter,WSH,LW,25,27,1,0,6,11,0,187,16,29,0,0,0,0,150,108,2,0,6,22,0,168.3,16,29,0,0,0,0,501.3
Zach Parise,Shushu Kitty Litter,MIN,LW,25,21,12,1,4,6,0,155,38,27,0,0,0,0,150,84,24,3,4,12,0,139.5,38,27,0,0,0,0,481.5
Timo Meier,Shushu Kitty Litter,SJS,RW,22,27,2,0,2,7,0,199,38,155,0,0,0,0,132,108,4,0,2,14,0,179.1,38,155,0,0,0,0,632.1
Anthony Duclair,Shushu Kitty Litter,OTT,LW,23,17,5,2,2,3,0,184,39,53,0,0,0,0,138,68,10,6,2,6,0,165.6,39,53,0,0,0,0,487.6
Jacob Trouba,Shushu Kitty Litter,NYR,D,7,20,4,0,1,4,2,168,128,173,0,0,0,0,42,80,8,0,1,8,4,151.20000000000002,128,173,0,0,0,0,595.2
Ivan Provorov,Shushu Kitty Litter,PHI,D,13,23,7,0,3,9,1,150,111,84,0,0,0,0,78,92,14,0,3,18,2,135.0,111,84,0,0,0,0,537.0
Ryan Suter,Shushu Kitty Litter,MIN,D,8,40,2,0,2,16,0,111,93,48,0,0,0,0,48,160,4,0,2,32,0,99.9,93,48,0,0,0,0,486.9
Drew Doughty,Shushu Kitty Litter,LAK,D,7,28,5,0,2,9,1,141,87,106,0,0,0,0,42,112,10,0,2,18,2,126.9,87,106,0,0,0,0,505.9
Kyle Connor,Shushu Kitty Litter,WPG,LW,38,35,9,1,7,8,1,239,17,18,0,0,0,0,228,140,18,3,7,16,2,215.1,17,18,0,0,0,0,664.1
Thomas Chabot,Shushu Kitty Litter,OTT,D,6,33,0,0,0,11,0,186,85,79,0,0,0,0,36,132,0,0,0,22,0,167.4,85,79,0,0,0,0,521.4
Filip Hronek,Shushu Kitty Litter,DET,D,9,22,1,0,0,9,0,125,74,105,0,0,0,0,54,88,2,0,0,18,0,112.5,74,105,0,0,0,0,453.5
Brock Nelson,Shushu Kitty Litter,NYI,C,26,28,4,0,5,3,0,175,44,49,0,0,0,0,156,112,8,0,5,6,0,157.5,44,49,0,0,0,0,537.5
Anders Lee,Shushu Kitty Litter,NYI,C,20,23,2,0,6,5,0,195,50,102,0,0,0,0,120,92,4,0,6,10,0,175.5,50,102,0,0,0,0,559.5
Mikko Koskinen,Shushu Kitty Litter,EDM,G,0,0,0,0,0,0,0,0,0,0,18,97,1078,1,0,0,0,0,0,0,0,0,0,0,90,-291,646.8,6,451.79999999999995
Antti Raanta,Shushu Kitty Litter,ARI,G,0,0,0,0,0,0,0,0,0,0,15,80,934,2,0,0,0,0,0,0,0,0,0,0,75,-240,560.4,12,407.4
